bc1,cond
AACGTGAT,lhon_d0
AAACATCG,lhon_d0
ATGCCTAA,lhon_d0
AGTGGTCA,lhon_d0
ACCACTGT,lhon_d0
ACATTGGC,lhon_d0
CAGATCTG,lhon_d0
CATCAAGT,lhon_d0
CGCTGATC,lhon_d0
ACAAGCTA,lhon_d0
CTGTAGCC,lhon_d0
AGTACAAG,lhon_d0
AACAACCA,silent_d0
AACCGAGA,silent_d0
AACGCTTA,silent_d0
AAGACGGA,silent_d0
AAGGTACA,silent_d0
ACACAGAA,silent_d0
ACAGCAGA,silent_d0
ACCTCCAA,silent_d0
ACGCTCGA,silent_d0
ACGTATCA,silent_d0
ACTATGCA,silent_d0
AGAGTCAA,silent_d0
AGATCGCA,lhon_d5
AGCAGGAA,lhon_d5
AGTCACTA,lhon_d5
ATCCTGTA,lhon_d5
ATTGAGGA,lhon_d5
CAACCACA,lhon_d5
GACTAGTA,lhon_d5
CAATGGAA,lhon_d5
CACTTCGA,lhon_d5
CAGCGTTA,lhon_d5
CATACCAA,lhon_d5
CCAGTTCA,lhon_d5
CCGAAGTA,silent_d5
CCGTGAGA,silent_d5
CCTCCTGA,silent_d5
CGAACTTA,silent_d5
CGACTGGA,silent_d5
CGCATACA,silent_d5
CTCAATGA,silent_d5
CTGAGCCA,silent_d5
CTGGCATA,silent_d5
AACTCACC,silent_d5
CAAGACTA,silent_d5
GAGCTGAA,silent_d5
