edit_type,mt-nd4_sequence
WT,GCCATTCTCATCCAAACCCCCTGAAGCTTCACCGGCGCAGTCATTC
LHON,GCCATTCTCATCCAAACCCCCTGAAGCTTCACCGGCGCAATCATTC
LHON_BY1,GCCATTCTCATCCAAACCCCCTGAAGCTTCACCGGCGCAATTATTC
LHON_BY2,GCCATTCTCATCCAAACCCCCTGAAGCTTCACCGGCGCAATTATTT
LHON_BY3,GCCATTCTCATCCAAACCCCCTGAAGCTTCACCAGCGCAATTATTC
LHON_BY4,GCCATTCTCATCCAAACCCCCTGAAGCTTCACCGGCACAATTATTC
SILENT,GCCATTCTCATCCAAACCCCCTGAAGCTTCACCGGCGCAGTTATTC
SILENT_BY1,GCCATTCTCATCCAAACCCCCTGAAGCTTCACCGGCGCAGTTATTT
SILENT_BY2,GCCATTCTCATCCAAACCCCCTGAAGCTTCACCGGCACAGTTATTC
tracer,caccgaacgcaacgcacgca
