edit_type,sequence
WT,GCCATTCTCATCCAAACCCCCTGAAGCTTCACCGGCGCAGTCATTCTCAT
LHON ,GCCATTCTCATCCAAACCCCCTGAAGCTTCACCGGCGCAATCATTCTCAT
LHON_BY1,GCCATTCTCATCCAAACCCCCTGAAGCTTCACCGGCGCAATTATTCTCAT
LHON_BY2,GCCATTCTCATCCAAACCCCCTGAAGCTTCACCGGCGCAATTATTTTCAT
LHON_BY3,GCCATTCTCATCCAAACCCCCTGAAGCTTCACCAGCGCAATTATTCTCAT
LHON_BY4,GCCATTCTCATCCAAACCCCCTGAAGCTTCACCGGCACAATTATTCTCAT
SILENT,GCCATTCTCATCCAAACCCCCTGAAGCTTCACCGGCGCAGTTATTCTCAT
SILENT_BY1,GCCATTCTCATCCAAACCCCCTGAAGCTTCACCGGCGCAGTTATTTTCAT
SILENT_BY2,GCCATTCTCATCCAAACCCCCTGAAGCTTCACCGGCACAGTTATTCTCAT
